{
  "name": "eddystone-scan",
  "version": "1.0",
  "title": "Eddystone Scan",
  "description": "App that scans for Eddystone beacons and can be used as a starting point for Eddystone apps",
  "tags": [
    {
      "label": "eddystone",
      "type": "platform"
    },
    {
      "label": "ble",
      "type": "comm"
    }
  ],
  "libraries": [
    {
      "name": "jquery",
      "version": "2.1.1"
    }
  ],
  "index-file": "index.html",
  "uuid": "c67a84fc-c82f-4085-95fe-b34d3fce0b73",
  "icon": "app-icon.png",
  "doc-url": "https://evothings.com/2.1/doc/examples/eddystone-scan.html"
}