{
    "prepare_queue": {
        "installed": [],
        "uninstalled": []
    },
    "config_munge": {
        "files": {
            "res/xml/config.xml": {
                "parents": {
                    "/*": [
                        {
                            "xml": "<feature name=\"Whitelist\"><param name=\"android-package\" value=\"org.apache.cordova.whitelist.WhitelistPlugin\" /><param name=\"onload\" value=\"true\" /></feature>",
                            "count": 1
                        },
                        {
                            "xml": "<feature name=\"Device\"><param name=\"android-package\" value=\"org.apache.cordova.device.Device\" /></feature>",
                            "count": 1
                        },
                        {
                            "xml": "<feature name=\"BLE\"><param name=\"android-package\" value=\"com.evothings.BLE\" /></feature>",
                            "count": 1
                        }
                    ],
                    "/widget": []
                }
            },
            "AndroidManifest.xml": {
                "parents": {
                    "/*": [],
                    "/manifest": [
                        {
                            "xml": "<uses-permission android:name=\"android.permission.ACCESS_COARSE_LOCATION\" />",
                            "count": 1
                        },
                        {
                            "xml": "<uses-permission android:name=\"android.permission.BLUETOOTH\" />",
                            "count": 1
                        },
                        {
                            "xml": "<uses-permission android:name=\"android.permission.BLUETOOTH_ADMIN\" />",
                            "count": 1
                        }
                    ]
                }
            }
        }
    },
    "installed_plugins": {
        "cordova-plugin-whitelist": {
            "PACKAGE_NAME": "com.example.hello"
        },
        "cordova-plugin-device": {
            "PACKAGE_NAME": "com.example.hello"
        },
        "cordova-plugin-ble": {
            "PACKAGE_NAME": "com.example.hello"
        }
    },
    "dependent_plugins": {},
    "modules": [
        {
            "id": "cordova-plugin-device.device",
            "file": "plugins/cordova-plugin-device/www/device.js",
            "pluginId": "cordova-plugin-device",
            "clobbers": [
                "device"
            ]
        },
        {
            "id": "cordova-plugin-ble.BLE",
            "file": "plugins/cordova-plugin-ble/ble.js",
            "pluginId": "cordova-plugin-ble",
            "clobbers": [
                "evothings.ble"
            ]
        }
    ],
    "plugin_metadata": {
        "cordova-plugin-whitelist": "1.3.0",
        "cordova-plugin-device": "1.1.3",
        "cordova-plugin-ble": "2.0.0"
    }
}