{
    "prepare_queue": {
        "installed": [],
        "uninstalled": []
    },
    "config_munge": {
        "files": {
            "config.xml": {
                "parents": {
                    "/*": [
                        {
                            "xml": "<feature name=\"Device\"><param name=\"ios-package\" value=\"CDVDevice\" /></feature>",
                            "count": 1
                        },
                        {
                            "xml": "<feature name=\"BLE\"><param name=\"ios-package\" value=\"EVOBLE\" /></feature>",
                            "count": 1
                        }
                    ],
                    "/widget": []
                }
            },
            "*-Info.plist": {
                "parents": {
                    "NSLocationWhenInUseUsageDescription": [],
                    "UIBackgroundModes": [
                        {
                            "xml": "<array><string>bluetooth-central</string></array>",
                            "count": 1
                        }
                    ]
                }
            }
        }
    },
    "installed_plugins": {
        "cordova-plugin-device": {
            "PACKAGE_NAME": "com.example.hello"
        },
        "cordova-plugin-whitelist": {
            "PACKAGE_NAME": "com.example.hello"
        },
        "cordova-plugin-ble": {
            "PACKAGE_NAME": "com.example.hello"
        }
    },
    "dependent_plugins": {},
    "modules": [
        {
            "id": "cordova-plugin-device.device",
            "file": "plugins/cordova-plugin-device/www/device.js",
            "pluginId": "cordova-plugin-device",
            "clobbers": [
                "device"
            ]
        },
        {
            "id": "cordova-plugin-ble.BLE",
            "file": "plugins/cordova-plugin-ble/ble.js",
            "pluginId": "cordova-plugin-ble",
            "clobbers": [
                "evothings.ble"
            ]
        }
    ],
    "plugin_metadata": {
        "cordova-plugin-device": "1.1.3",
        "cordova-plugin-whitelist": "1.3.0",
        "cordova-plugin-ble": "2.0.0"
    }
}